"COMUNA","AÃ‘O","MES","TOTAL_HOMICIDIOS","POBLACION","ESTRATO","POLICIAS"
"ALTAVISTA","2018","1",1,38856,"2",0
"ALTAVISTA","2018","2",5,38856,"2",0
"ALTAVISTA","2018","3",1,38856,"2",0
"ALTAVISTA","2018","4",6,38856,"2",0
"ALTAVISTA","2018","5",10,38856,"2",0
"ALTAVISTA","2018","6",1,38856,"2",0
"ALTAVISTA","2018","7",6,38856,"2",0
"ALTAVISTA","2018","8",2,38856,"2",0
"ALTAVISTA","2018","9",7,38856,"2",0
"ALTAVISTA","2018","10",4,38856,"2",0
"ALTAVISTA","2018","12",3,38856,"2",0
"ALTAVISTA","2019","1",5,40150,"2",0
"ALTAVISTA","2019","2",4,40150,"2",0
"ALTAVISTA","2019","3",5,40150,"2",0
"ALTAVISTA","2019","4",4,40150,"2",0
"ALTAVISTA","2019","5",5,40150,"2",0
"ALTAVISTA","2019","6",3,40150,"2",0
"ALTAVISTA","2019","8",3,40150,"2",0
"ALTAVISTA","2019","9",3,40150,"2",0
"ALTAVISTA","2019","10",2,40150,"2",0
"ALTAVISTA","2019","11",1,40150,"2",0
"ALTAVISTA","2019","12",1,40150,"2",0
"ALTAVISTA","2020","2",1,41350,"2",0
"ALTAVISTA","2020","3",3,41350,"2",0
"ALTAVISTA","2020","4",1,41350,"2",0
"ALTAVISTA","2020","5",1,41350,"2",0
"ALTAVISTA","2020","6",1,41350,"2",0
"ALTAVISTA","2020","7",1,41350,"2",0
"ALTAVISTA","2020","8",2,41350,"2",0
"ALTAVISTA","2021","1",1,42442,"2",0
"ALTAVISTA","2021","3",1,42442,"2",0
"ALTAVISTA","2021","4",2,42442,"2",0
"ALTAVISTA","2021","5",2,42442,"2",0
"ALTAVISTA","2021","6",1,42442,"2",0
"ALTAVISTA","2021","7",2,42442,"2",0
"ALTAVISTA","2021","8",1,42442,"2",0
"ALTAVISTA","2021","9",1,42442,"2",0
"ALTAVISTA","2021","11",1,42442,"2",0
"ALTAVISTA","2022","3",1,43556,"2",0
"ALTAVISTA","2022","5",1,43556,"2",0
"ALTAVISTA","2022","7",1,43556,"2",0
"ALTAVISTA","2022","8",1,43556,"2",0
"ALTAVISTA","2022","9",1,43556,"2",0
"ALTAVISTA","2022","10",2,43556,"2",0
"ALTAVISTA","2023","2",2,44665,"2",0
"ALTAVISTA","2023","4",1,44665,"2",0
"ALTAVISTA","2023","10",4,44665,"2",0
"ARANJUEZ","2018","1",5,141312,"3",0
"ARANJUEZ","2018","2",2,141312,"3",0
"ARANJUEZ","2018","3",3,141312,"3",0
"ARANJUEZ","2018","4",1,141312,"3",0
"ARANJUEZ","2018","5",4,141312,"3",0
"ARANJUEZ","2018","6",8,141312,"3",0
"ARANJUEZ","2018","8",5,141312,"3",0
"ARANJUEZ","2018","9",1,141312,"3",0
"ARANJUEZ","2018","10",6,141312,"3",0
"ARANJUEZ","2018","11",2,141312,"3",0
"ARANJUEZ","2018","12",2,141312,"3",0
"ARANJUEZ","2019","1",2,142990,"3",0
"ARANJUEZ","2019","2",3,142990,"3",0
"ARANJUEZ","2019","3",6,142990,"3",0
"ARANJUEZ","2019","4",3,142990,"3",0
"ARANJUEZ","2019","5",3,142990,"3",0
"ARANJUEZ","2019","6",1,142990,"3",0
"ARANJUEZ","2019","7",3,142990,"3",0
"ARANJUEZ","2019","8",2,142990,"3",0
"ARANJUEZ","2019","9",1,142990,"3",0
"ARANJUEZ","2019","10",5,142990,"3",0
"ARANJUEZ","2019","11",1,142990,"3",0
"ARANJUEZ","2019","12",4,142990,"3",0
"ARANJUEZ","2020","1",1,144233,"3",0
"ARANJUEZ","2020","2",1,144233,"3",0
"ARANJUEZ","2020","3",3,144233,"3",0
"ARANJUEZ","2020","4",1,144233,"3",0
"ARANJUEZ","2020","5",4,144233,"3",0
"ARANJUEZ","2020","6",1,144233,"3",0
"ARANJUEZ","2020","7",3,144233,"3",0
"ARANJUEZ","2020","8",3,144233,"3",0
"ARANJUEZ","2020","9",5,144233,"3",0
"ARANJUEZ","2020","10",4,144233,"3",0
"ARANJUEZ","2020","12",1,144233,"3",0
"ARANJUEZ","2021","1",5,144815,"3",0
"ARANJUEZ","2021","2",2,144815,"3",0
"ARANJUEZ","2021","3",2,144815,"3",0
"ARANJUEZ","2021","4",6,144815,"3",0
"ARANJUEZ","2021","5",1,144815,"3",0
"ARANJUEZ","2021","6",5,144815,"3",0
"ARANJUEZ","2021","7",2,144815,"3",0
"ARANJUEZ","2021","8",5,144815,"3",0
"ARANJUEZ","2021","9",3,144815,"3",0
"ARANJUEZ","2021","10",1,144815,"3",0
"ARANJUEZ","2021","11",3,144815,"3",0
"ARANJUEZ","2021","12",2,144815,"3",0
"ARANJUEZ","2022","1",2,145325,"3",0
"ARANJUEZ","2022","2",2,145325,"3",0
"ARANJUEZ","2022","3",1,145325,"3",0
"ARANJUEZ","2022","4",3,145325,"3",0
"ARANJUEZ","2022","5",4,145325,"3",0
"ARANJUEZ","2022","6",7,145325,"3",0
"ARANJUEZ","2022","7",4,145325,"3",0
"ARANJUEZ","2022","8",2,145325,"3",0
"ARANJUEZ","2022","9",1,145325,"3",0
"ARANJUEZ","2022","10",3,145325,"3",0
"ARANJUEZ","2022","11",1,145325,"3",0
"ARANJUEZ","2022","12",2,145325,"3",0
"ARANJUEZ","2023","1",2,145837,"3",0
"ARANJUEZ","2023","2",5,145837,"3",0
"ARANJUEZ","2023","3",4,145837,"3",0
"ARANJUEZ","2023","4",2,145837,"3",0
"ARANJUEZ","2023","5",2,145837,"3",0
"ARANJUEZ","2023","6",3,145837,"3",0
"ARANJUEZ","2023","7",2,145837,"3",0
"ARANJUEZ","2023","8",1,145837,"3",0
"ARANJUEZ","2023","9",1,145837,"3",0
"ARANJUEZ","2023","10",2,145837,"3",0
"ARANJUEZ","2023","11",3,145837,"3",0
"BELEN","2018","1",5,202931,"4",2
"BELEN","2018","2",1,202931,"4",2
"BELEN","2018","3",1,202931,"4",2
"BELEN","2018","4",2,202931,"4",2
"BELEN","2018","5",2,202931,"4",2
"BELEN","2018","6",10,202931,"4",2
"BELEN","2018","7",7,202931,"4",2
"BELEN","2018","8",2,202931,"4",2
"BELEN","2018","10",1,202931,"4",2
"BELEN","2018","11",3,202931,"4",2
"BELEN","2018","12",8,202931,"4",2
"BELEN","2019","1",4,206745,"4",2
"BELEN","2019","2",5,206745,"4",2
"BELEN","2019","3",4,206745,"4",2
"BELEN","2019","4",3,206745,"4",2
"BELEN","2019","5",9,206745,"4",2
"BELEN","2019","6",1,206745,"4",2
"BELEN","2019","7",4,206745,"4",2
"BELEN","2019","8",10,206745,"4",2
"BELEN","2019","9",4,206745,"4",2
"BELEN","2019","10",3,206745,"4",2
"BELEN","2019","11",1,206745,"4",2
"BELEN","2019","12",5,206745,"4",2
"BELEN","2020","1",1,210015,"4",2
"BELEN","2020","2",6,210015,"4",2
"BELEN","2020","3",5,210015,"4",2
"BELEN","2020","4",2,210015,"4",2
"BELEN","2020","6",2,210015,"4",2
"BELEN","2020","7",3,210015,"4",2
"BELEN","2020","8",4,210015,"4",2
"BELEN","2020","9",2,210015,"4",2
"BELEN","2020","10",1,210015,"4",2
"BELEN","2020","11",1,210015,"4",2
"BELEN","2021","1",1,212479,"4",2
"BELEN","2021","2",2,212479,"4",2
"BELEN","2021","4",1,212479,"4",2
"BELEN","2021","5",2,212479,"4",2
"BELEN","2021","6",5,212479,"4",2
"BELEN","2021","7",3,212479,"4",2
"BELEN","2021","8",2,212479,"4",2
"BELEN","2021","9",4,212479,"4",2
"BELEN","2021","11",1,212479,"4",2
"BELEN","2021","12",5,212479,"4",2
"BELEN","2022","1",1,214967,"4",2
"BELEN","2022","2",2,214967,"4",2
"BELEN","2022","3",3,214967,"4",2
"BELEN","2022","4",1,214967,"4",2
"BELEN","2022","5",1,214967,"4",2
"BELEN","2022","6",1,214967,"4",2
"BELEN","2022","7",2,214967,"4",2
"BELEN","2022","9",4,214967,"4",2
"BELEN","2022","10",3,214967,"4",2
"BELEN","2022","11",1,214967,"4",2
"BELEN","2022","12",6,214967,"4",2
"BELEN","2023","1",1,217501,"4",2
"BELEN","2023","2",5,217501,"4",2
"BELEN","2023","3",3,217501,"4",2
"BELEN","2023","4",2,217501,"4",2
"BELEN","2023","8",1,217501,"4",2
"BELEN","2023","10",2,217501,"4",2
"BUENOS AIRES","2018","1",1,155391,"3",3
"BUENOS AIRES","2018","3",1,155391,"3",3
"BUENOS AIRES","2018","6",2,155391,"3",3
"BUENOS AIRES","2018","8",1,155391,"3",3
"BUENOS AIRES","2018","9",1,155391,"3",3
"BUENOS AIRES","2018","10",1,155391,"3",3
"BUENOS AIRES","2019","2",5,160045,"3",3
"BUENOS AIRES","2019","5",2,160045,"3",3
"BUENOS AIRES","2019","9",2,160045,"3",3
"BUENOS AIRES","2019","11",2,160045,"3",3
"BUENOS AIRES","2020","1",1,164279,"3",3
"BUENOS AIRES","2020","2",1,164279,"3",3
"BUENOS AIRES","2020","3",2,164279,"3",3
"BUENOS AIRES","2020","5",3,164279,"3",3
"BUENOS AIRES","2020","10",1,164279,"3",3
"BUENOS AIRES","2020","12",4,164279,"3",3
"BUENOS AIRES","2021","1",1,167860,"3",3
"BUENOS AIRES","2021","3",2,167860,"3",3
"BUENOS AIRES","2021","6",2,167860,"3",3
"BUENOS AIRES","2021","7",1,167860,"3",3
"BUENOS AIRES","2021","9",3,167860,"3",3
"BUENOS AIRES","2021","11",1,167860,"3",3
"BUENOS AIRES","2021","12",1,167860,"3",3
"BUENOS AIRES","2022","1",2,171416,"3",3
"BUENOS AIRES","2022","2",1,171416,"3",3
"BUENOS AIRES","2022","3",2,171416,"3",3
"BUENOS AIRES","2022","5",1,171416,"3",3
"BUENOS AIRES","2022","7",2,171416,"3",3
"BUENOS AIRES","2022","8",2,171416,"3",3
"BUENOS AIRES","2022","9",3,171416,"3",3
"BUENOS AIRES","2022","10",1,171416,"3",3
"BUENOS AIRES","2022","11",1,171416,"3",3
"BUENOS AIRES","2022","12",2,171416,"3",3
"BUENOS AIRES","2023","1",1,175014,"3",3
"BUENOS AIRES","2023","2",3,175014,"3",3
"BUENOS AIRES","2023","3",2,175014,"3",3
"BUENOS AIRES","2023","5",1,175014,"3",3
"BUENOS AIRES","2023","7",4,175014,"3",3
"BUENOS AIRES","2023","8",2,175014,"3",3
"BUENOS AIRES","2023","10",2,175014,"3",3
"BUENOS AIRES","2023","11",1,175014,"3",3
"CASTILLA","2018","1",4,123992,"3",3
"CASTILLA","2018","2",1,123992,"3",3
"CASTILLA","2018","3",3,123992,"3",3
"CASTILLA","2018","4",1,123992,"3",3
"CASTILLA","2018","6",4,123992,"3",3
"CASTILLA","2018","9",3,123992,"3",3
"CASTILLA","2018","10",2,123992,"3",3
"CASTILLA","2018","11",5,123992,"3",3
"CASTILLA","2018","12",3,123992,"3",3
"CASTILLA","2019","1",3,125276,"3",3
"CASTILLA","2019","2",2,125276,"3",3
"CASTILLA","2019","3",2,125276,"3",3
"CASTILLA","2019","5",3,125276,"3",3
"CASTILLA","2019","6",5,125276,"3",3
"CASTILLA","2019","7",4,125276,"3",3
"CASTILLA","2019","8",3,125276,"3",3
"CASTILLA","2019","9",2,125276,"3",3
"CASTILLA","2019","10",1,125276,"3",3
"CASTILLA","2019","11",1,125276,"3",3
"CASTILLA","2019","12",3,125276,"3",3
"CASTILLA","2020","1",5,126200,"3",3
"CASTILLA","2020","2",3,126200,"3",3
"CASTILLA","2020","3",3,126200,"3",3
"CASTILLA","2020","4",3,126200,"3",3
"CASTILLA","2020","5",4,126200,"3",3
"CASTILLA","2020","6",5,126200,"3",3
"CASTILLA","2020","7",3,126200,"3",3
"CASTILLA","2020","8",3,126200,"3",3
"CASTILLA","2020","9",3,126200,"3",3
"CASTILLA","2020","10",2,126200,"3",3
"CASTILLA","2020","11",2,126200,"3",3
"CASTILLA","2020","12",1,126200,"3",3
"CASTILLA","2021","1",2,126587,"3",3
"CASTILLA","2021","2",1,126587,"3",3
"CASTILLA","2021","3",2,126587,"3",3
"CASTILLA","2021","4",4,126587,"3",3
"CASTILLA","2021","5",1,126587,"3",3
"CASTILLA","2021","6",2,126587,"3",3
"CASTILLA","2021","7",2,126587,"3",3
"CASTILLA","2021","10",1,126587,"3",3
"CASTILLA","2021","11",2,126587,"3",3
"CASTILLA","2022","1",3,126939,"3",3
"CASTILLA","2022","2",2,126939,"3",3
"CASTILLA","2022","4",5,126939,"3",3
"CASTILLA","2022","6",1,126939,"3",3
"CASTILLA","2022","7",1,126939,"3",3
"CASTILLA","2022","8",1,126939,"3",3
"CASTILLA","2022","9",3,126939,"3",3
"CASTILLA","2022","12",2,126939,"3",3
"CASTILLA","2023","1",3,127289,"3",3
"CASTILLA","2023","2",1,127289,"3",3
"CASTILLA","2023","4",1,127289,"3",3
"CASTILLA","2023","6",4,127289,"3",3
"CASTILLA","2023","7",3,127289,"3",3
"CASTILLA","2023","9",2,127289,"3",3
"CASTILLA","2023","10",5,127289,"3",3
"DOCE DE OCTUBRE","2018","1",1,177190,"2",4
"DOCE DE OCTUBRE","2018","2",1,177190,"2",4
"DOCE DE OCTUBRE","2018","3",2,177190,"2",4
"DOCE DE OCTUBRE","2018","4",3,177190,"2",4
"DOCE DE OCTUBRE","2018","5",1,177190,"2",4
"DOCE DE OCTUBRE","2018","6",3,177190,"2",4
"DOCE DE OCTUBRE","2018","7",3,177190,"2",4
"DOCE DE OCTUBRE","2018","8",2,177190,"2",4
"DOCE DE OCTUBRE","2018","9",2,177190,"2",4
"DOCE DE OCTUBRE","2018","10",3,177190,"2",4
"DOCE DE OCTUBRE","2018","11",1,177190,"2",4
"DOCE DE OCTUBRE","2018","12",1,177190,"2",4
"DOCE DE OCTUBRE","2019","1",3,179493,"2",4
"DOCE DE OCTUBRE","2019","2",2,179493,"2",4
"DOCE DE OCTUBRE","2019","3",2,179493,"2",4
"DOCE DE OCTUBRE","2019","4",2,179493,"2",4
"DOCE DE OCTUBRE","2019","5",1,179493,"2",4
"DOCE DE OCTUBRE","2019","6",4,179493,"2",4
"DOCE DE OCTUBRE","2019","7",1,179493,"2",4
"DOCE DE OCTUBRE","2019","8",4,179493,"2",4
"DOCE DE OCTUBRE","2019","10",2,179493,"2",4
"DOCE DE OCTUBRE","2019","11",3,179493,"2",4
"DOCE DE OCTUBRE","2020","1",1,181235,"2",4
"DOCE DE OCTUBRE","2020","2",2,181235,"2",4
"DOCE DE OCTUBRE","2020","3",1,181235,"2",4
"DOCE DE OCTUBRE","2020","4",1,181235,"2",4
"DOCE DE OCTUBRE","2020","5",2,181235,"2",4
"DOCE DE OCTUBRE","2020","6",1,181235,"2",4
"DOCE DE OCTUBRE","2020","7",1,181235,"2",4
"DOCE DE OCTUBRE","2020","8",2,181235,"2",4
"DOCE DE OCTUBRE","2020","9",2,181235,"2",4
"DOCE DE OCTUBRE","2020","10",1,181235,"2",4
"DOCE DE OCTUBRE","2020","11",2,181235,"2",4
"DOCE DE OCTUBRE","2020","12",2,181235,"2",4
"DOCE DE OCTUBRE","2021","1",2,182165,"2",4
"DOCE DE OCTUBRE","2021","2",1,182165,"2",4
"DOCE DE OCTUBRE","2021","3",1,182165,"2",4
"DOCE DE OCTUBRE","2021","5",2,182165,"2",4
"DOCE DE OCTUBRE","2021","6",2,182165,"2",4
"DOCE DE OCTUBRE","2021","7",3,182165,"2",4
"DOCE DE OCTUBRE","2021","8",1,182165,"2",4
"DOCE DE OCTUBRE","2021","9",1,182165,"2",4
"DOCE DE OCTUBRE","2021","10",1,182165,"2",4
"DOCE DE OCTUBRE","2021","11",2,182165,"2",4
"DOCE DE OCTUBRE","2021","12",2,182165,"2",4
"DOCE DE OCTUBRE","2022","2",1,183012,"2",4
"DOCE DE OCTUBRE","2022","3",2,183012,"2",4
"DOCE DE OCTUBRE","2022","4",2,183012,"2",4
"DOCE DE OCTUBRE","2022","6",2,183012,"2",4
"DOCE DE OCTUBRE","2022","7",2,183012,"2",4
"DOCE DE OCTUBRE","2022","8",2,183012,"2",4
"DOCE DE OCTUBRE","2022","11",1,183012,"2",4
"DOCE DE OCTUBRE","2022","12",2,183012,"2",4
"DOCE DE OCTUBRE","2023","1",1,183889,"2",4
"DOCE DE OCTUBRE","2023","3",3,183889,"2",4
"DOCE DE OCTUBRE","2023","4",1,183889,"2",4
"DOCE DE OCTUBRE","2023","6",1,183889,"2",4
"DOCE DE OCTUBRE","2023","8",6,183889,"2",4
"DOCE DE OCTUBRE","2023","9",1,183889,"2",4
"DOCE DE OCTUBRE","2023","10",2,183889,"2",4
"DOCE DE OCTUBRE","2023","11",3,183889,"2",4
"EL POBLADO","2018","1",2,106805,"6",1
"EL POBLADO","2018","3",2,106805,"6",1
"EL POBLADO","2018","6",1,106805,"6",1
"EL POBLADO","2018","8",1,106805,"6",1
"EL POBLADO","2018","9",1,106805,"6",1
"EL POBLADO","2018","11",2,106805,"6",1
"EL POBLADO","2018","12",2,106805,"6",1
"EL POBLADO","2019","2",3,108345,"6",1
"EL POBLADO","2019","3",1,108345,"6",1
"EL POBLADO","2019","5",1,108345,"6",1
"EL POBLADO","2019","7",3,108345,"6",1
"EL POBLADO","2019","11",1,108345,"6",1
"EL POBLADO","2020","9",1,109600,"6",1
"EL POBLADO","2020","12",1,109600,"6",1
"EL POBLADO","2021","6",2,110479,"6",1
"EL POBLADO","2021","7",1,110479,"6",1
"EL POBLADO","2021","10",1,110479,"6",1
"EL POBLADO","2021","11",4,110479,"6",1
"EL POBLADO","2021","12",1,110479,"6",1
"EL POBLADO","2022","3",1,111343,"6",1
"EL POBLADO","2022","4",1,111343,"6",1
"EL POBLADO","2022","9",3,111343,"6",1
"EL POBLADO","2022","12",1,111343,"6",1
"EL POBLADO","2023","3",1,112257,"6",1
"EL POBLADO","2023","5",1,112257,"6",1
"EL POBLADO","2023","6",1,112257,"6",1
"EL POBLADO","2023","10",1,112257,"6",1
"EL POBLADO","2023","11",3,112257,"6",1
"GUAYABAL","2018","1",1,64651,"3",1
"GUAYABAL","2018","2",4,64651,"3",1
"GUAYABAL","2018","3",1,64651,"3",1
"GUAYABAL","2018","4",3,64651,"3",1
"GUAYABAL","2018","5",2,64651,"3",1
"GUAYABAL","2018","6",2,64651,"3",1
"GUAYABAL","2018","7",3,64651,"3",1
"GUAYABAL","2018","8",4,64651,"3",1
"GUAYABAL","2018","9",3,64651,"3",1
"GUAYABAL","2018","10",2,64651,"3",1
"GUAYABAL","2018","11",2,64651,"3",1
"GUAYABAL","2018","12",2,64651,"3",1
"GUAYABAL","2019","1",2,65011,"3",1
"GUAYABAL","2019","3",4,65011,"3",1
"GUAYABAL","2019","4",1,65011,"3",1
"GUAYABAL","2019","5",4,65011,"3",1
"GUAYABAL","2019","6",4,65011,"3",1
"GUAYABAL","2019","7",1,65011,"3",1
"GUAYABAL","2019","8",2,65011,"3",1
"GUAYABAL","2019","9",1,65011,"3",1
"GUAYABAL","2019","11",3,65011,"3",1
"GUAYABAL","2019","12",1,65011,"3",1
"GUAYABAL","2020","1",1,65146,"3",1
"GUAYABAL","2020","2",1,65146,"3",1
"GUAYABAL","2020","3",1,65146,"3",1
"GUAYABAL","2020","7",1,65146,"3",1
"GUAYABAL","2020","10",1,65146,"3",1
"GUAYABAL","2020","12",2,65146,"3",1
"GUAYABAL","2021","1",1,65024,"3",1
"GUAYABAL","2021","2",1,65024,"3",1
"GUAYABAL","2021","4",3,65024,"3",1
"GUAYABAL","2021","6",1,65024,"3",1
"GUAYABAL","2021","7",1,65024,"3",1
"GUAYABAL","2021","8",1,65024,"3",1
"GUAYABAL","2021","9",2,65024,"3",1
"GUAYABAL","2021","10",3,65024,"3",1
"GUAYABAL","2021","11",1,65024,"3",1
"GUAYABAL","2022","1",1,64856,"3",1
"GUAYABAL","2022","3",3,64856,"3",1
"GUAYABAL","2022","5",3,64856,"3",1
"GUAYABAL","2022","9",1,64856,"3",1
"GUAYABAL","2022","10",1,64856,"3",1
"GUAYABAL","2022","11",4,64856,"3",1
"GUAYABAL","2022","12",1,64856,"3",1
"GUAYABAL","2023","1",2,64713,"3",1
"GUAYABAL","2023","3",1,64713,"3",1
"GUAYABAL","2023","5",1,64713,"3",1
"GUAYABAL","2023","7",1,64713,"3",1
"GUAYABAL","2023","8",2,64713,"3",1
"GUAYABAL","2023","11",1,64713,"3",1
"LA AMERICA","2018","1",1,85416,"4",0
"LA AMERICA","2018","2",2,85416,"4",0
"LA AMERICA","2018","3",2,85416,"4",0
"LA AMERICA","2018","4",3,85416,"4",0
"LA AMERICA","2018","5",5,85416,"4",0
"LA AMERICA","2018","6",7,85416,"4",0
"LA AMERICA","2018","7",1,85416,"4",0
"LA AMERICA","2018","8",3,85416,"4",0
"LA AMERICA","2018","9",1,85416,"4",0
"LA AMERICA","2018","10",1,85416,"4",0
"LA AMERICA","2018","11",4,85416,"4",0
"LA AMERICA","2018","12",1,85416,"4",0
"LA AMERICA","2019","1",4,86403,"4",0
"LA AMERICA","2019","2",5,86403,"4",0
"LA AMERICA","2019","3",9,86403,"4",0
"LA AMERICA","2019","4",5,86403,"4",0
"LA AMERICA","2019","5",2,86403,"4",0
"LA AMERICA","2019","6",2,86403,"4",0
"LA AMERICA","2019","8",3,86403,"4",0
"LA AMERICA","2019","10",3,86403,"4",0
"LA AMERICA","2019","12",1,86403,"4",0
"LA AMERICA","2020","1",1,87128,"4",0
"LA AMERICA","2020","5",1,87128,"4",0
"LA AMERICA","2020","6",2,87128,"4",0
"LA AMERICA","2020","8",1,87128,"4",0
"LA AMERICA","2020","9",1,87128,"4",0
"LA AMERICA","2020","10",2,87128,"4",0
"LA AMERICA","2020","11",1,87128,"4",0
"LA AMERICA","2020","12",1,87128,"4",0
"LA AMERICA","2021","1",2,87489,"4",0
"LA AMERICA","2021","2",1,87489,"4",0
"LA AMERICA","2021","3",1,87489,"4",0
"LA AMERICA","2021","6",1,87489,"4",0
"LA AMERICA","2021","7",1,87489,"4",0
"LA AMERICA","2021","9",1,87489,"4",0
"LA AMERICA","2022","1",1,87849,"4",0
"LA AMERICA","2022","5",2,87849,"4",0
"LA AMERICA","2022","11",1,87849,"4",0
"LA AMERICA","2023","2",1,88207,"4",0
"LA AMERICA","2023","5",1,88207,"4",0
"LA AMERICA","2023","7",1,88207,"4",0
"LA AMERICA","2023","9",1,88207,"4",0
"LA CANDELARIA","2018","1",7,75913,"4",2
"LA CANDELARIA","2018","2",9,75913,"4",2
"LA CANDELARIA","2018","3",11,75913,"4",2
"LA CANDELARIA","2018","4",10,75913,"4",2
"LA CANDELARIA","2018","5",9,75913,"4",2
"LA CANDELARIA","2018","6",12,75913,"4",2
"LA CANDELARIA","2018","7",11,75913,"4",2
"LA CANDELARIA","2018","8",12,75913,"4",2
"LA CANDELARIA","2018","9",5,75913,"4",2
"LA CANDELARIA","2018","10",9,75913,"4",2
"LA CANDELARIA","2018","11",5,75913,"4",2
"LA CANDELARIA","2018","12",8,75913,"4",2
"LA CANDELARIA","2019","1",8,77053,"4",2
"LA CANDELARIA","2019","2",6,77053,"4",2
"LA CANDELARIA","2019","3",1,77053,"4",2
"LA CANDELARIA","2019","4",15,77053,"4",2
"LA CANDELARIA","2019","5",16,77053,"4",2
"LA CANDELARIA","2019","6",7,77053,"4",2
"LA CANDELARIA","2019","7",7,77053,"4",2
"LA CANDELARIA","2019","8",6,77053,"4",2
"LA CANDELARIA","2019","9",5,77053,"4",2
"LA CANDELARIA","2019","10",5,77053,"4",2
"LA CANDELARIA","2019","11",4,77053,"4",2
"LA CANDELARIA","2019","12",7,77053,"4",2
"LA CANDELARIA","2020","1",4,77926,"4",2
"LA CANDELARIA","2020","2",6,77926,"4",2
"LA CANDELARIA","2020","3",2,77926,"4",2
"LA CANDELARIA","2020","4",4,77926,"4",2
"LA CANDELARIA","2020","5",6,77926,"4",2
"LA CANDELARIA","2020","6",7,77926,"4",2
"LA CANDELARIA","2020","7",2,77926,"4",2
"LA CANDELARIA","2020","8",1,77926,"4",2
"LA CANDELARIA","2020","9",7,77926,"4",2
"LA CANDELARIA","2020","10",4,77926,"4",2
"LA CANDELARIA","2020","11",9,77926,"4",2
"LA CANDELARIA","2020","12",5,77926,"4",2
"LA CANDELARIA","2021","1",2,78478,"4",2
"LA CANDELARIA","2021","2",5,78478,"4",2
"LA CANDELARIA","2021","3",5,78478,"4",2
"LA CANDELARIA","2021","4",10,78478,"4",2
"LA CANDELARIA","2021","5",8,78478,"4",2
"LA CANDELARIA","2021","6",8,78478,"4",2
"LA CANDELARIA","2021","7",9,78478,"4",2
"LA CANDELARIA","2021","8",8,78478,"4",2
"LA CANDELARIA","2021","9",5,78478,"4",2
"LA CANDELARIA","2021","10",8,78478,"4",2
"LA CANDELARIA","2021","11",4,78478,"4",2
"LA CANDELARIA","2021","12",8,78478,"4",2
"LA CANDELARIA","2022","1",8,78937,"4",2
"LA CANDELARIA","2022","2",10,78937,"4",2
"LA CANDELARIA","2022","3",8,78937,"4",2
"LA CANDELARIA","2022","4",6,78937,"4",2
"LA CANDELARIA","2022","5",4,78937,"4",2
"LA CANDELARIA","2022","6",8,78937,"4",2
"LA CANDELARIA","2022","7",4,78937,"4",2
"LA CANDELARIA","2022","8",2,78937,"4",2
"LA CANDELARIA","2022","9",5,78937,"4",2
"LA CANDELARIA","2022","10",9,78937,"4",2
"LA CANDELARIA","2022","11",4,78937,"4",2
"LA CANDELARIA","2022","12",3,78937,"4",2
"LA CANDELARIA","2023","1",7,79404,"4",2
"LA CANDELARIA","2023","2",1,79404,"4",2
"LA CANDELARIA","2023","3",9,79404,"4",2
"LA CANDELARIA","2023","4",9,79404,"4",2
"LA CANDELARIA","2023","5",3,79404,"4",2
"LA CANDELARIA","2023","6",5,79404,"4",2
"LA CANDELARIA","2023","7",6,79404,"4",2
"LA CANDELARIA","2023","8",6,79404,"4",2
"LA CANDELARIA","2023","9",8,79404,"4",2
"LA CANDELARIA","2023","10",9,79404,"4",2
"LA CANDELARIA","2023","11",5,79404,"4",2
"LAURELES","2018","1",2,99904,"5",4
"LAURELES","2018","2",2,99904,"5",4
"LAURELES","2018","4",4,99904,"5",4
"LAURELES","2018","5",2,99904,"5",4
"LAURELES","2018","6",1,99904,"5",4
"LAURELES","2018","7",2,99904,"5",4
"LAURELES","2018","8",5,99904,"5",4
"LAURELES","2018","10",2,99904,"5",4
"LAURELES","2018","11",2,99904,"5",4
"LAURELES","2018","12",10,99904,"5",4
"LAURELES","2019","1",2,100749,"5",4
"LAURELES","2019","2",2,100749,"5",4
"LAURELES","2019","3",1,100749,"5",4
"LAURELES","2019","4",7,100749,"5",4
"LAURELES","2019","5",1,100749,"5",4
"LAURELES","2019","7",2,100749,"5",4
"LAURELES","2019","8",1,100749,"5",4
"LAURELES","2019","9",1,100749,"5",4
"LAURELES","2019","10",3,100749,"5",4
"LAURELES","2019","11",2,100749,"5",4
"LAURELES","2019","12",3,100749,"5",4
"LAURELES","2020","2",2,101316,"5",4
"LAURELES","2020","7",2,101316,"5",4
"LAURELES","2020","9",3,101316,"5",4
"LAURELES","2020","10",1,101316,"5",4
"LAURELES","2020","11",1,101316,"5",4
"LAURELES","2021","1",1,101473,"5",4
"LAURELES","2021","3",1,101473,"5",4
"LAURELES","2021","4",1,101473,"5",4
"LAURELES","2021","5",1,101473,"5",4
"LAURELES","2021","6",1,101473,"5",4
"LAURELES","2021","7",1,101473,"5",4
"LAURELES","2021","8",2,101473,"5",4
"LAURELES","2021","9",1,101473,"5",4
"LAURELES","2021","10",3,101473,"5",4
"LAURELES","2021","11",3,101473,"5",4
"LAURELES","2021","12",2,101473,"5",4
"LAURELES","2022","1",2,101632,"5",4
"LAURELES","2022","2",2,101632,"5",4
"LAURELES","2022","3",2,101632,"5",4
"LAURELES","2022","5",1,101632,"5",4
"LAURELES","2022","6",4,101632,"5",4
"LAURELES","2022","7",2,101632,"5",4
"LAURELES","2022","8",1,101632,"5",4
"LAURELES","2022","10",4,101632,"5",4
"LAURELES","2022","11",1,101632,"5",4
"LAURELES","2023","2",1,101796,"5",4
"LAURELES","2023","3",1,101796,"5",4
"LAURELES","2023","4",4,101796,"5",4
"LAURELES","2023","5",1,101796,"5",4
"LAURELES","2023","6",3,101796,"5",4
"LAURELES","2023","7",1,101796,"5",4
"LAURELES","2023","8",4,101796,"5",4
"MANRIQUE","2018","1",2,164858,"2",0
"MANRIQUE","2018","3",1,164858,"2",0
"MANRIQUE","2018","5",3,164858,"2",0
"MANRIQUE","2018","7",2,164858,"2",0
"MANRIQUE","2018","8",2,164858,"2",0
"MANRIQUE","2018","9",2,164858,"2",0
"MANRIQUE","2018","10",1,164858,"2",0
"MANRIQUE","2018","11",2,164858,"2",0
"MANRIQUE","2018","12",2,164858,"2",0
"MANRIQUE","2019","2",1,168724,"2",0
"MANRIQUE","2019","4",1,168724,"2",0
"MANRIQUE","2019","6",3,168724,"2",0
"MANRIQUE","2019","7",2,168724,"2",0
"MANRIQUE","2019","8",2,168724,"2",0
"MANRIQUE","2019","9",5,168724,"2",0
"MANRIQUE","2019","10",2,168724,"2",0
"MANRIQUE","2019","12",2,168724,"2",0
"MANRIQUE","2020","2",1,172090,"2",0
"MANRIQUE","2020","3",1,172090,"2",0
"MANRIQUE","2020","5",3,172090,"2",0
"MANRIQUE","2020","8",2,172090,"2",0
"MANRIQUE","2020","10",4,172090,"2",0
"MANRIQUE","2020","11",1,172090,"2",0
"MANRIQUE","2020","12",1,172090,"2",0
"MANRIQUE","2021","1",4,174692,"2",0
"MANRIQUE","2021","2",2,174692,"2",0
"MANRIQUE","2021","3",1,174692,"2",0
"MANRIQUE","2021","4",5,174692,"2",0
"MANRIQUE","2021","5",1,174692,"2",0
"MANRIQUE","2021","8",3,174692,"2",0
"MANRIQUE","2021","9",2,174692,"2",0
"MANRIQUE","2021","11",1,174692,"2",0
"MANRIQUE","2021","12",1,174692,"2",0
"MANRIQUE","2022","1",1,177232,"2",0
"MANRIQUE","2022","3",1,177232,"2",0
"MANRIQUE","2022","4",1,177232,"2",0
"MANRIQUE","2022","5",1,177232,"2",0
"MANRIQUE","2022","7",1,177232,"2",0
"MANRIQUE","2022","8",2,177232,"2",0
"MANRIQUE","2022","9",1,177232,"2",0
"MANRIQUE","2022","10",2,177232,"2",0
"MANRIQUE","2022","11",2,177232,"2",0
"MANRIQUE","2023","1",2,179793,"2",0
"MANRIQUE","2023","2",1,179793,"2",0
"MANRIQUE","2023","3",1,179793,"2",0
"MANRIQUE","2023","4",2,179793,"2",0
"MANRIQUE","2023","5",1,179793,"2",0
"MANRIQUE","2023","6",3,179793,"2",0
"MANRIQUE","2023","7",6,179793,"2",0
"MANRIQUE","2023","8",1,179793,"2",0
"MANRIQUE","2023","9",2,179793,"2",0
"MANRIQUE","2023","11",1,179793,"2",0
"PALMITAS","2019","6",1,5689,"2",0
"PALMITAS","2019","7",1,5689,"2",0
"PALMITAS","2019","11",1,5689,"2",0
"PALMITAS","2021","5",1,6073,"2",0
"PALMITAS","2022","11",1,6281,"2",0
"PALMITAS","2023","6",1,6485,"2",0
"PALMITAS","2023","10",1,6485,"2",0
"POPULAR","2018","1",2,136986,"2",1
"POPULAR","2018","3",1,136986,"2",1
"POPULAR","2018","4",1,136986,"2",1
"POPULAR","2018","5",2,136986,"2",1
"POPULAR","2018","6",1,136986,"2",1
"POPULAR","2018","7",2,136986,"2",1
"POPULAR","2018","9",2,136986,"2",1
"POPULAR","2018","11",1,136986,"2",1
"POPULAR","2019","1",1,140218,"2",1
"POPULAR","2019","2",1,140218,"2",1
"POPULAR","2019","3",1,140218,"2",1
"POPULAR","2019","4",2,140218,"2",1
"POPULAR","2019","5",3,140218,"2",1
"POPULAR","2019","6",4,140218,"2",1
"POPULAR","2019","7",1,140218,"2",1
"POPULAR","2019","8",1,140218,"2",1
"POPULAR","2019","9",3,140218,"2",1
"POPULAR","2019","11",1,140218,"2",1
"POPULAR","2019","12",2,140218,"2",1
"POPULAR","2020","2",2,143039,"2",1
"POPULAR","2020","6",2,143039,"2",1
"POPULAR","2020","8",1,143039,"2",1
"POPULAR","2020","9",1,143039,"2",1
"POPULAR","2020","11",3,143039,"2",1
"POPULAR","2020","12",2,143039,"2",1
"POPULAR","2021","1",1,145235,"2",1
"POPULAR","2021","2",1,145235,"2",1
"POPULAR","2021","3",1,145235,"2",1
"POPULAR","2021","5",1,145235,"2",1
"POPULAR","2021","8",1,145235,"2",1
"POPULAR","2021","10",2,145235,"2",1
"POPULAR","2021","12",3,145235,"2",1
"POPULAR","2022","3",2,147382,"2",1
"POPULAR","2022","4",2,147382,"2",1
"POPULAR","2022","5",1,147382,"2",1
"POPULAR","2022","7",3,147382,"2",1
"POPULAR","2022","8",1,147382,"2",1
"POPULAR","2022","9",1,147382,"2",1
"POPULAR","2022","10",1,147382,"2",1
"POPULAR","2022","11",1,147382,"2",1
"POPULAR","2023","2",2,149586,"2",1
"POPULAR","2023","3",1,149586,"2",1
"POPULAR","2023","4",2,149586,"2",1
"POPULAR","2023","5",1,149586,"2",1
"POPULAR","2023","6",1,149586,"2",1
"POPULAR","2023","7",2,149586,"2",1
"POPULAR","2023","8",2,149586,"2",1
"POPULAR","2023","9",1,149586,"2",1
"ROBLEDO","2018","1",7,189238,"2",1
"ROBLEDO","2018","2",6,189238,"2",1
"ROBLEDO","2018","3",7,189238,"2",1
"ROBLEDO","2018","4",9,189238,"2",1
"ROBLEDO","2018","5",5,189238,"2",1
"ROBLEDO","2018","6",2,189238,"2",1
"ROBLEDO","2018","8",2,189238,"2",1
"ROBLEDO","2018","9",1,189238,"2",1
"ROBLEDO","2018","10",7,189238,"2",1
"ROBLEDO","2018","11",5,189238,"2",1
"ROBLEDO","2018","12",4,189238,"2",1
"ROBLEDO","2019","1",4,194042,"2",1
"ROBLEDO","2019","2",3,194042,"2",1
"ROBLEDO","2019","3",6,194042,"2",1
"ROBLEDO","2019","4",4,194042,"2",1
"ROBLEDO","2019","5",7,194042,"2",1
"ROBLEDO","2019","7",4,194042,"2",1
"ROBLEDO","2019","8",1,194042,"2",1
"ROBLEDO","2019","9",1,194042,"2",1
"ROBLEDO","2019","10",2,194042,"2",1
"ROBLEDO","2019","11",2,194042,"2",1
"ROBLEDO","2019","12",2,194042,"2",1
"ROBLEDO","2020","1",4,198274,"2",1
"ROBLEDO","2020","2",4,198274,"2",1
"ROBLEDO","2020","3",1,198274,"2",1
"ROBLEDO","2020","4",3,198274,"2",1
"ROBLEDO","2020","5",3,198274,"2",1
"ROBLEDO","2020","6",2,198274,"2",1
"ROBLEDO","2020","7",3,198274,"2",1
"ROBLEDO","2020","8",5,198274,"2",1
"ROBLEDO","2020","9",4,198274,"2",1
"ROBLEDO","2020","11",1,198274,"2",1
"ROBLEDO","2020","12",1,198274,"2",1
"ROBLEDO","2021","1",2,201656,"2",1
"ROBLEDO","2021","2",3,201656,"2",1
"ROBLEDO","2021","3",3,201656,"2",1
"ROBLEDO","2021","4",2,201656,"2",1
"ROBLEDO","2021","5",5,201656,"2",1
"ROBLEDO","2021","6",3,201656,"2",1
"ROBLEDO","2021","10",1,201656,"2",1
"ROBLEDO","2021","11",1,201656,"2",1
"ROBLEDO","2021","12",4,201656,"2",1
"ROBLEDO","2022","1",3,204954,"2",1
"ROBLEDO","2022","2",3,204954,"2",1
"ROBLEDO","2022","3",6,204954,"2",1
"ROBLEDO","2022","4",4,204954,"2",1
"ROBLEDO","2022","5",2,204954,"2",1
"ROBLEDO","2022","7",1,204954,"2",1
"ROBLEDO","2022","8",3,204954,"2",1
"ROBLEDO","2022","9",1,204954,"2",1
"ROBLEDO","2022","10",1,204954,"2",1
"ROBLEDO","2022","11",4,204954,"2",1
"ROBLEDO","2022","12",6,204954,"2",1
"ROBLEDO","2023","1",2,208305,"2",1
"ROBLEDO","2023","2",1,208305,"2",1
"ROBLEDO","2023","3",3,208305,"2",1
"ROBLEDO","2023","4",1,208305,"2",1
"ROBLEDO","2023","5",2,208305,"2",1
"ROBLEDO","2023","6",3,208305,"2",1
"ROBLEDO","2023","7",1,208305,"2",1
"ROBLEDO","2023","8",1,208305,"2",1
"ROBLEDO","2023","9",7,208305,"2",1
"SAN ANTONIO DE PRADO","2018","1",3,94801,"2",1
"SAN ANTONIO DE PRADO","2018","3",2,94801,"2",1
"SAN ANTONIO DE PRADO","2018","4",2,94801,"2",1
"SAN ANTONIO DE PRADO","2018","5",2,94801,"2",1
"SAN ANTONIO DE PRADO","2018","8",1,94801,"2",1
"SAN ANTONIO DE PRADO","2018","9",2,94801,"2",1
"SAN ANTONIO DE PRADO","2018","10",2,94801,"2",1
"SAN ANTONIO DE PRADO","2018","11",1,94801,"2",1
"SAN ANTONIO DE PRADO","2019","2",1,99358,"2",1
"SAN ANTONIO DE PRADO","2019","4",2,99358,"2",1
"SAN ANTONIO DE PRADO","2019","5",1,99358,"2",1
"SAN ANTONIO DE PRADO","2019","7",1,99358,"2",1
"SAN ANTONIO DE PRADO","2019","12",4,99358,"2",1
"SAN ANTONIO DE PRADO","2020","4",1,103822,"2",1
"SAN ANTONIO DE PRADO","2020","7",2,103822,"2",1
"SAN ANTONIO DE PRADO","2020","8",3,103822,"2",1
"SAN ANTONIO DE PRADO","2020","10",1,103822,"2",1
"SAN ANTONIO DE PRADO","2020","11",2,103822,"2",1
"SAN ANTONIO DE PRADO","2020","12",1,103822,"2",1
"SAN ANTONIO DE PRADO","2021","1",1,107996,"2",1
"SAN ANTONIO DE PRADO","2021","3",1,107996,"2",1
"SAN ANTONIO DE PRADO","2021","5",1,107996,"2",1
"SAN ANTONIO DE PRADO","2021","9",1,107996,"2",1
"SAN ANTONIO DE PRADO","2022","3",1,112336,"2",1
"SAN ANTONIO DE PRADO","2022","4",1,112336,"2",1
"SAN ANTONIO DE PRADO","2022","5",1,112336,"2",1
"SAN ANTONIO DE PRADO","2022","7",3,112336,"2",1
"SAN ANTONIO DE PRADO","2023","1",1,116838,"2",1
"SAN ANTONIO DE PRADO","2023","3",3,116838,"2",1
"SAN ANTONIO DE PRADO","2023","5",1,116838,"2",1
"SAN ANTONIO DE PRADO","2023","7",1,116838,"2",1
"SAN ANTONIO DE PRADO","2023","8",1,116838,"2",1
"SAN ANTONIO DE PRADO","2023","10",1,116838,"2",1
"SAN CRISTOBAL","2018","1",2,116420,"2",0
"SAN CRISTOBAL","2018","2",1,116420,"2",0
"SAN CRISTOBAL","2018","3",2,116420,"2",0
"SAN CRISTOBAL","2018","4",1,116420,"2",0
"SAN CRISTOBAL","2018","5",1,116420,"2",0
"SAN CRISTOBAL","2018","6",2,116420,"2",0
"SAN CRISTOBAL","2018","7",5,116420,"2",0
"SAN CRISTOBAL","2018","9",2,116420,"2",0
"SAN CRISTOBAL","2018","10",3,116420,"2",0
"SAN CRISTOBAL","2018","11",1,116420,"2",0
"SAN CRISTOBAL","2018","12",1,116420,"2",0
"SAN CRISTOBAL","2019","1",3,123483,"2",0
"SAN CRISTOBAL","2019","2",2,123483,"2",0
"SAN CRISTOBAL","2019","3",6,123483,"2",0
"SAN CRISTOBAL","2019","4",8,123483,"2",0
"SAN CRISTOBAL","2019","5",9,123483,"2",0
"SAN CRISTOBAL","2019","6",1,123483,"2",0
"SAN CRISTOBAL","2019","7",2,123483,"2",0
"SAN CRISTOBAL","2019","8",2,123483,"2",0
"SAN CRISTOBAL","2019","9",2,123483,"2",0
"SAN CRISTOBAL","2019","11",2,123483,"2",0
"SAN CRISTOBAL","2019","12",1,123483,"2",0
"SAN CRISTOBAL","2020","2",3,130514,"2",0
"SAN CRISTOBAL","2020","4",1,130514,"2",0
"SAN CRISTOBAL","2020","5",4,130514,"2",0
"SAN CRISTOBAL","2020","6",2,130514,"2",0
"SAN CRISTOBAL","2020","7",2,130514,"2",0
"SAN CRISTOBAL","2020","8",2,130514,"2",0
"SAN CRISTOBAL","2020","9",1,130514,"2",0
"SAN CRISTOBAL","2020","10",1,130514,"2",0
"SAN CRISTOBAL","2020","11",1,130514,"2",0
"SAN CRISTOBAL","2021","1",2,137277,"2",0
"SAN CRISTOBAL","2021","2",1,137277,"2",0
"SAN CRISTOBAL","2021","3",4,137277,"2",0
"SAN CRISTOBAL","2021","5",2,137277,"2",0
"SAN CRISTOBAL","2021","6",3,137277,"2",0
"SAN CRISTOBAL","2021","8",3,137277,"2",0
"SAN CRISTOBAL","2021","9",2,137277,"2",0
"SAN CRISTOBAL","2021","10",6,137277,"2",0
"SAN CRISTOBAL","2021","12",6,137277,"2",0
"SAN CRISTOBAL","2022","1",1,144316,"2",0
"SAN CRISTOBAL","2022","5",4,144316,"2",0
"SAN CRISTOBAL","2022","6",3,144316,"2",0
"SAN CRISTOBAL","2022","7",3,144316,"2",0
"SAN CRISTOBAL","2022","8",1,144316,"2",0
"SAN CRISTOBAL","2022","9",1,144316,"2",0
"SAN CRISTOBAL","2022","10",3,144316,"2",0
"SAN CRISTOBAL","2022","11",6,144316,"2",0
"SAN CRISTOBAL","2022","12",5,144316,"2",0
"SAN CRISTOBAL","2023","2",1,151677,"2",0
"SAN CRISTOBAL","2023","3",1,151677,"2",0
"SAN CRISTOBAL","2023","5",2,151677,"2",0
"SAN CRISTOBAL","2023","6",2,151677,"2",0
"SAN CRISTOBAL","2023","7",1,151677,"2",0
"SAN CRISTOBAL","2023","8",4,151677,"2",0
"SAN CRISTOBAL","2023","9",2,151677,"2",0
"SAN CRISTOBAL","2023","10",1,151677,"2",0
"SAN JAVIER","2018","1",7,157243,"2",0
"SAN JAVIER","2018","2",1,157243,"2",0
"SAN JAVIER","2018","4",7,157243,"2",0
"SAN JAVIER","2018","5",11,157243,"2",0
"SAN JAVIER","2018","6",10,157243,"2",0
"SAN JAVIER","2018","7",12,157243,"2",0
"SAN JAVIER","2018","8",9,157243,"2",0
"SAN JAVIER","2018","9",7,157243,"2",0
"SAN JAVIER","2018","10",6,157243,"2",0
"SAN JAVIER","2018","11",10,157243,"2",0
"SAN JAVIER","2018","12",10,157243,"2",0
"SAN JAVIER","2019","1",4,161562,"2",0
"SAN JAVIER","2019","2",3,161562,"2",0
"SAN JAVIER","2019","3",5,161562,"2",0
"SAN JAVIER","2019","4",10,161562,"2",0
"SAN JAVIER","2019","5",5,161562,"2",0
"SAN JAVIER","2019","6",2,161562,"2",0
"SAN JAVIER","2019","7",4,161562,"2",0
"SAN JAVIER","2019","8",2,161562,"2",0
"SAN JAVIER","2019","9",3,161562,"2",0
"SAN JAVIER","2019","10",5,161562,"2",0
"SAN JAVIER","2019","11",2,161562,"2",0
"SAN JAVIER","2019","12",3,161562,"2",0
"SAN JAVIER","2020","1",2,165436,"2",0
"SAN JAVIER","2020","2",7,165436,"2",0
"SAN JAVIER","2020","4",2,165436,"2",0
"SAN JAVIER","2020","5",5,165436,"2",0
"SAN JAVIER","2020","6",3,165436,"2",0
"SAN JAVIER","2020","7",1,165436,"2",0
"SAN JAVIER","2020","8",3,165436,"2",0
"SAN JAVIER","2020","10",1,165436,"2",0
"SAN JAVIER","2021","1",2,168649,"2",0
"SAN JAVIER","2021","2",3,168649,"2",0
"SAN JAVIER","2021","3",2,168649,"2",0
"SAN JAVIER","2021","4",1,168649,"2",0
"SAN JAVIER","2021","5",1,168649,"2",0
"SAN JAVIER","2021","6",1,168649,"2",0
"SAN JAVIER","2021","7",1,168649,"2",0
"SAN JAVIER","2021","8",1,168649,"2",0
"SAN JAVIER","2021","10",2,168649,"2",0
"SAN JAVIER","2021","11",3,168649,"2",0
"SAN JAVIER","2021","12",4,168649,"2",0
"SAN JAVIER","2022","1",1,171854,"2",0
"SAN JAVIER","2022","2",3,171854,"2",0
"SAN JAVIER","2022","4",4,171854,"2",0
"SAN JAVIER","2022","5",5,171854,"2",0
"SAN JAVIER","2022","6",5,171854,"2",0
"SAN JAVIER","2022","7",3,171854,"2",0
"SAN JAVIER","2022","9",1,171854,"2",0
"SAN JAVIER","2022","10",2,171854,"2",0
"SAN JAVIER","2022","11",3,171854,"2",0
"SAN JAVIER","2022","12",1,171854,"2",0
"SAN JAVIER","2023","1",1,175122,"2",0
"SAN JAVIER","2023","2",1,175122,"2",0
"SAN JAVIER","2023","5",2,175122,"2",0
"SAN JAVIER","2023","6",1,175122,"2",0
"SAN JAVIER","2023","7",1,175122,"2",0
"SAN JAVIER","2023","8",2,175122,"2",0
"SAN JAVIER","2023","9",1,175122,"2",0
"SAN JAVIER","2023","10",1,175122,"2",0
"SANTA CRUZ","2018","3",1,113064,"2",2
"SANTA CRUZ","2018","4",2,113064,"2",2
"SANTA CRUZ","2018","5",1,113064,"2",2
"SANTA CRUZ","2018","6",1,113064,"2",2
"SANTA CRUZ","2018","8",1,113064,"2",2
"SANTA CRUZ","2018","9",1,113064,"2",2
"SANTA CRUZ","2018","10",1,113064,"2",2
"SANTA CRUZ","2018","11",2,113064,"2",2
"SANTA CRUZ","2018","12",1,113064,"2",2
"SANTA CRUZ","2019","1",2,115588,"2",2
"SANTA CRUZ","2019","2",1,115588,"2",2
"SANTA CRUZ","2019","5",1,115588,"2",2
"SANTA CRUZ","2019","6",1,115588,"2",2
"SANTA CRUZ","2019","7",1,115588,"2",2
"SANTA CRUZ","2019","8",1,115588,"2",2
"SANTA CRUZ","2019","9",1,115588,"2",2
"SANTA CRUZ","2019","10",2,115588,"2",2
"SANTA CRUZ","2019","11",1,115588,"2",2
"SANTA CRUZ","2019","12",1,115588,"2",2
"SANTA CRUZ","2020","1",1,117744,"2",2
"SANTA CRUZ","2020","2",2,117744,"2",2
"SANTA CRUZ","2020","4",2,117744,"2",2
"SANTA CRUZ","2020","5",3,117744,"2",2
"SANTA CRUZ","2020","6",2,117744,"2",2
"SANTA CRUZ","2020","8",1,117744,"2",2
"SANTA CRUZ","2020","9",1,117744,"2",2
"SANTA CRUZ","2020","10",1,117744,"2",2
"SANTA CRUZ","2021","1",1,119374,"2",2
"SANTA CRUZ","2021","2",1,119374,"2",2
"SANTA CRUZ","2021","3",1,119374,"2",2
"SANTA CRUZ","2021","4",3,119374,"2",2
"SANTA CRUZ","2021","5",4,119374,"2",2
"SANTA CRUZ","2021","6",1,119374,"2",2
"SANTA CRUZ","2021","12",3,119374,"2",2
"SANTA CRUZ","2022","2",2,120959,"2",2
"SANTA CRUZ","2022","3",1,120959,"2",2
"SANTA CRUZ","2022","6",1,120959,"2",2
"SANTA CRUZ","2022","8",3,120959,"2",2
"SANTA CRUZ","2022","9",2,120959,"2",2
"SANTA CRUZ","2022","10",2,120959,"2",2
"SANTA CRUZ","2022","11",2,120959,"2",2
"SANTA CRUZ","2022","12",1,120959,"2",2
"SANTA CRUZ","2023","1",1,122573,"2",2
"SANTA CRUZ","2023","2",2,122573,"2",2
"SANTA CRUZ","2023","3",2,122573,"2",2
"SANTA CRUZ","2023","4",1,122573,"2",2
"SANTA CRUZ","2023","5",1,122573,"2",2
"SANTA CRUZ","2023","6",2,122573,"2",2
"SANTA CRUZ","2023","9",2,122573,"2",2
"SANTA CRUZ","2023","10",1,122573,"2",2
"SANTA ELENA","2019","2",1,24953,"2",3
"SANTA ELENA","2019","4",3,24953,"2",3
"SANTA ELENA","2019","6",2,24953,"2",3
"SANTA ELENA","2019","7",1,24953,"2",3
"SANTA ELENA","2019","9",1,24953,"2",3
"SANTA ELENA","2019","11",1,24953,"2",3
"SANTA ELENA","2020","1",1,26464,"2",3
"SANTA ELENA","2020","2",2,26464,"2",3
"SANTA ELENA","2020","5",1,26464,"2",3
"SANTA ELENA","2020","12",1,26464,"2",3
"SANTA ELENA","2021","1",2,27916,"2",3
"SANTA ELENA","2021","3",1,27916,"2",3
"SANTA ELENA","2021","5",3,27916,"2",3
"SANTA ELENA","2021","8",1,27916,"2",3
"SANTA ELENA","2021","10",1,27916,"2",3
"SANTA ELENA","2021","11",2,27916,"2",3
"SANTA ELENA","2022","1",1,29413,"2",3
"SANTA ELENA","2022","2",1,29413,"2",3
"SANTA ELENA","2022","4",1,29413,"2",3
"SANTA ELENA","2022","10",1,29413,"2",3
"SANTA ELENA","2022","11",3,29413,"2",3
"SANTA ELENA","2023","1",1,31002,"2",3
"SANTA ELENA","2023","3",1,31002,"2",3
"SANTA ELENA","2023","5",1,31002,"2",3
"SANTA ELENA","2023","7",2,31002,"2",3
"SANTA ELENA","2023","10",1,31002,"2",3
"VILLA HERMOSA","2018","1",3,153216,"2",0
"VILLA HERMOSA","2018","2",6,153216,"2",0
"VILLA HERMOSA","2018","3",1,153216,"2",0
"VILLA HERMOSA","2018","4",2,153216,"2",0
"VILLA HERMOSA","2018","5",4,153216,"2",0
"VILLA HERMOSA","2018","8",1,153216,"2",0
"VILLA HERMOSA","2018","9",2,153216,"2",0
"VILLA HERMOSA","2018","10",1,153216,"2",0
"VILLA HERMOSA","2019","1",7,157668,"2",0
"VILLA HERMOSA","2019","3",1,157668,"2",0
"VILLA HERMOSA","2019","4",3,157668,"2",0
"VILLA HERMOSA","2019","5",3,157668,"2",0
"VILLA HERMOSA","2019","6",1,157668,"2",0
"VILLA HERMOSA","2019","7",2,157668,"2",0
"VILLA HERMOSA","2019","8",6,157668,"2",0
"VILLA HERMOSA","2019","9",3,157668,"2",0
"VILLA HERMOSA","2019","10",1,157668,"2",0
"VILLA HERMOSA","2019","11",3,157668,"2",0
"VILLA HERMOSA","2019","12",3,157668,"2",0
"VILLA HERMOSA","2020","1",4,161728,"2",0
"VILLA HERMOSA","2020","3",1,161728,"2",0
"VILLA HERMOSA","2020","5",2,161728,"2",0
"VILLA HERMOSA","2020","6",1,161728,"2",0
"VILLA HERMOSA","2020","7",3,161728,"2",0
"VILLA HERMOSA","2020","8",5,161728,"2",0
"VILLA HERMOSA","2020","9",3,161728,"2",0
"VILLA HERMOSA","2020","10",2,161728,"2",0
"VILLA HERMOSA","2020","12",5,161728,"2",0
"VILLA HERMOSA","2021","1",2,165061,"2",0
"VILLA HERMOSA","2021","2",2,165061,"2",0
"VILLA HERMOSA","2021","3",2,165061,"2",0
"VILLA HERMOSA","2021","5",1,165061,"2",0
"VILLA HERMOSA","2021","6",5,165061,"2",0
"VILLA HERMOSA","2021","7",1,165061,"2",0
"VILLA HERMOSA","2021","8",1,165061,"2",0
"VILLA HERMOSA","2021","9",4,165061,"2",0
"VILLA HERMOSA","2021","10",3,165061,"2",0
"VILLA HERMOSA","2021","12",2,165061,"2",0
"VILLA HERMOSA","2022","3",2,168399,"2",0
"VILLA HERMOSA","2022","4",2,168399,"2",0
"VILLA HERMOSA","2022","5",4,168399,"2",0
"VILLA HERMOSA","2022","6",3,168399,"2",0
"VILLA HERMOSA","2022","7",2,168399,"2",0
"VILLA HERMOSA","2022","8",1,168399,"2",0
"VILLA HERMOSA","2022","9",2,168399,"2",0
"VILLA HERMOSA","2022","12",1,168399,"2",0
"VILLA HERMOSA","2023","1",4,171776,"2",0
"VILLA HERMOSA","2023","3",2,171776,"2",0
"VILLA HERMOSA","2023","5",3,171776,"2",0
"VILLA HERMOSA","2023","6",3,171776,"2",0
"VILLA HERMOSA","2023","7",1,171776,"2",0
"VILLA HERMOSA","2023","8",3,171776,"2",0
"VILLA HERMOSA","2023","9",4,171776,"2",0
"VILLA HERMOSA","2023","10",1,171776,"2",0
"VILLA HERMOSA","2023","11",1,171776,"2",0
